Marca;Modelo
AGRALE;MARRUA
ALFA ROMEO;159
ALFA ROMEO;BRERA
ALFA ROMEO;GIULIA
ALFA ROMEO;GIULIETTA
ALFA ROMEO;GT
ALFA ROMEO;MiTo
ALFA ROMEO;SPIDER
ALFA ROMEO;STELVIO
ALFA ROMEO;TONALE
AUDI;A1
AUDI;A3
AUDI;A4
AUDI;A5
AUDI;A6
AUDI;A7
AUDI;A8
AUDI;ALLROAD
AUDI;e-tron
AUDI;Q 2
AUDI;Q 3
AUDI;Q 5
AUDI;Q 5 SPORTBACK
AUDI;Q 7
AUDI;Q 8
AUDI;R8
AUDI;RS E-TRON
AUDI;RS Q3
AUDI;RS Q8
AUDI;RS3
AUDI;RS5
AUDI;RS6
AUDI;RS7
AUDI;S
AUDI;TT
BAIC;BJ30
BAIC;BJ40 PLUS
BAIC;BJ60
BAIC;D20
BAIC;EU5 ELECTRICO
BAIC;EX 260 CROSSOVER ELECTRIC
BAIC;SENOVA ELITE
BAIC;X25 CROSSOVER
BAIC;X35 CROSSOVER
BAIC;X55 CROSSOVER
BAIC;X65 CROSSOVER
BMW;116
BMW;118
BMW;120
BMW;125
BMW;130
BMW;135
BMW;318
BMW;320
BMW;325
BMW;328
BMW;330
BMW;335
BMW;525
BMW;528
BMW;530
BMW;535
BMW;550
BMW;640
BMW;650
BMW;750
BMW;218 i
BMW;220 i
BMW;235 i
BMW;320 i
BMW;330e
BMW;428 i
BMW;430 i
BMW;435 i
BMW;440 i
BMW;530 i
BMW;535 i
BMW;540 i
BMW;550e
BMW;640 i
BMW;650 i
BMW;750 i
BMW;760 i
BMW;iX2
BMW;M1
BMW;M135
BMW;M140i
BMW;M2
BMW;M235i
BMW;M240i
BMW;M3
BMW;M340i
BMW;M4
BMW;M440i
BMW;M5
BMW;M6
BMW;M850i
BMW;X1
BMW;X2
BMW;X3
BMW;X4
BMW;X5
BMW;X6
BMW;X7
BMW;Z4
CHANGAN;CS15
CHANGAN;CS75
CHANGAN;M
CHANGAN;MD
CHERY;ARRIZO 5
CHERY;FACE
CHERY;FULWIN
CHERY;QQ
CHERY;SKIN
CHERY;TIGGO
CHERY;TIGGO 2
CHERY;TIGGO 3
CHERY;TIGGO 4
CHERY;TIGGO 5
CHERY;TIGGO 8
CHEVROLET;AGILE
CHEVROLET;ASTRA
CHEVROLET;AVEO
CHEVROLET;CAMARO SS
CHEVROLET;CAPTIVA
CHEVROLET;CELTA
CHEVROLET;CLASSIC
CHEVROLET;COBALT
CHEVROLET;CORSA
CHEVROLET;CRUZE
CHEVROLET;EQUINOX
CHEVROLET;JOY
CHEVROLET;MERIVA
CHEVROLET;MONTANA PICK - UP
CHEVROLET;ONIX
CHEVROLET;PRISMA
CHEVROLET;S-10 PICK - UP
CHEVROLET;SILVERADO
CHEVROLET;SONIC
CHEVROLET;SPARK
CHEVROLET;SPIN
CHEVROLET;TRACKER
CHEVROLET;TRAILBLAZER
CHEVROLET;VECTRA
CHEVROLET;ZAFIRA
CHRYSLER;300
CHRYSLER;PT CRUISER
CHRYSLER;TOWN & COUNTRY
CITROEN;BASALT
CITROEN;BERLINGO
CITROEN;C 3
CITROEN;C 3 AIRCROSS
CITROEN;C 3 PICASSO
CITROEN;C 4
CITROEN;C 4 AIRCROSS
CITROEN;C 4 CACTUS
CITROEN;C 4 GRAND PICASSO
CITROEN;C 4 GRAND SPACETOURER
CITROEN;C 4 LOUNGE
CITROEN;C 4 PICASSO
CITROEN;C 4 SPACETOURER
CITROEN;C 5
CITROEN;C 5 AIRCROSS
CITROEN;C-ELYSÉE
CITROEN;JUMPER
CITROEN;JUMPY
CITROEN;SPACETOURER
CITROEN;XSARA PICASSO
DFSK;GLORY 500
DFSK;GLORY 580
DFSK;SERIE C
DFSK;SERIE K
DODGE;JOURNEY
DS AUTOMOBILES;DS 3
DS AUTOMOBILES;DS 3 CROSSBACK
DS AUTOMOBILES;DS 4
DS AUTOMOBILES;DS 7
DS AUTOMOBILES;DS 7 CROSSBACK
DS AUTOMOBILES;DS 9
FAW;ACTIS
FAW;T33 BESTUNE
FAW;X 40
FERRARI;CALIFORNIA T
FERRARI;F 430
FERRARI;F 488
FERRARI;F 599
FERRARI;F 612
FERRARI;F 8 TRIBUTO
FERRARI;F 812
FIAT;500
FIAT;500 L
FIAT;500 X
FIAT;ARGO
FIAT;BRAVO
FIAT;CRONOS
FIAT;DOBLÓ
FIAT;DOBLÓ CARGO
FIAT;DUCATO
FIAT;FASTBACK
FIAT;FIORINO
FIAT;FIORINO QUBO
FIAT;GRAND SIENA
FIAT;IDEA
FIAT;LINEA
FIAT;MOBI
FIAT;PALIO
FIAT;PULSE
FIAT;PUNTO
FIAT;QUBO
FIAT;SIENA
FIAT;STRADA PICK - UP
FIAT;TIPO
FIAT;TITANO PICK UP
FIAT;TORO PICK UP
FIAT;UNO
FIAT;UNO CARGO
FORD;BRONCO SPORT
FORD;COURIER
FORD;ECOSPORT
FORD;ECOSPORT KINETIC DESIGN ATTRACTION
FORD;E-TRANSIT
FORD;EVEREST
FORD;F-100 PICK - UP
FORD;F-150 PICK - UP
FORD;FIESTA
FORD;FIESTA KINETIC DESIGN ATTRACTION
FORD;FOCUS
FORD;FOCUS KINETIC DESIGN ATTRACTION
FORD;KA
FORD;KA +
FORD;KA FREESTYLE
FORD;KUGA
FORD;MAVERICK PICK - UP
FORD;MONDEO
FORD;MUSTANG
FORD;RANGER PICK - UP
FORD;S-MAX
FORD;TERRITORY
FORD;TRANSIT
FOTON;GRATOUR T3
FOTON;TUNLAND PICK-UP
FOTON;VIEW CS2
GEELY;515
GEELY;EMGRAND 7
GEELY;EMGRAND FE 3
GEELY;EMGRAND GS
GEELY;EMGRAND X7
GEELY;LC
GREAT WALL;JOLION
GREAT WALL;ORA 03
GREAT WALL;POER PICK -UP
GREAT WALL;WINGLE 5 PICK -UP
GREAT WALL;WINGLE 6 PICK -UP
GREAT WALL;WINGLE 7 PICK -UP
HAVAL;H 1
HAVAL;H 2
HAVAL;H 6
HAVAL;JOLION
HONDA;ACCORD
HONDA;CITY
HONDA;CIVIC
HONDA;CR-V
HONDA;F i T
HONDA;HR-V
HONDA;LEGEND
HONDA;PILOT
HONDA;WR-V
HONDA;ZR-V
HYUNDAI;COUPE
HYUNDAI;CRETA
HYUNDAI;ELANTRA
HYUNDAI;GRAND i 10
HYUNDAI;GRAND SANTA FE
HYUNDAI;H 1
HYUNDAI;H 100
HYUNDAI;H 350
HYUNDAI;HB20
HYUNDAI;i 10
HYUNDAI;i 30
HYUNDAI;IONIQ
HYUNDAI;KONA
HYUNDAI;SANTA FE
HYUNDAI;STARIA
HYUNDAI;TUCSON
HYUNDAI;VELOSTER
HYUNDAI;VERACRUZ
ISUZU;PICK UP CABINA DOBLE
JAC;JS2
JAC;JS4
JAC;JS8
JAC;S2
JAC;S3
JAC;S5
JAC;S7
JAC;T6 PICK UP
JAC;T8 PICK UP
JAGUAR;F PACE
JAGUAR;F TYPE
JAGUAR;XE
JAGUAR;XF
JAGUAR;XJ
JAGUAR;XK
JEEP;CHEROKEE
JEEP;CHEROKEE GRAND
JEEP;COMMANDER
JEEP;COMPASS
JEEP;PATRIOT
JEEP;RENEGADE
JEEP;WRANGLER
JETOUR;DASHING
JETOUR;X 70
JMC;GRAND AVENUE
KAIYI;X3
KIA;CARNIVAL
KIA;CARNIVAL GRAND
KIA;CERATO
KIA;K3
KIA;MOHAVE
KIA;PICANTO
KIA;RIO
KIA;RONDO
KIA;SELTOS
KIA;SORENTO
KIA;SOUL
KIA;SPORTAGE
KYC;MAMUT
LAND ROVER;DEFENDER
LAND ROVER;DISCOVERY
LAND ROVER;EVOQUE
LAND ROVER;FREELANDER
LAND ROVER;RANGE ROVER
LAND ROVER;RANGE ROVER EVOQUE
LAND ROVER;RANGE ROVER SE VOGUE
LAND ROVER;RANGE ROVER VELAR
LEXUS;ES
LEXUS;GS
LEXUS;GX 550
LEXUS;IS
LEXUS;LBX
LEXUS;LC
LEXUS;LS
LEXUS;LX
LEXUS;NX
LEXUS;RC
LEXUS;RX
LEXUS;UX
LIFAN;FOISON
LIFAN;M 7
LIFAN;MYWAY
LIFAN;X 50
LIFAN;X 60
LIFAN;X 70
LOTUS;ELISE
LOTUS;EMIRA
LOTUS;EVORA
LOTUS;EXIGE
McLAREN;T90
McLAREN;T90 EV
MERCEDES BENZ;A 200
MERCEDES BENZ;A 250
MERCEDES BENZ;A 35
MERCEDES BENZ;A 45
MERCEDES BENZ;B 180
MERCEDES BENZ;B 200
MERCEDES BENZ;C 200
MERCEDES BENZ;C 220
MERCEDES BENZ;C 250
MERCEDES BENZ;C 300
MERCEDES BENZ;C 350
MERCEDES BENZ;C 400
MERCEDES BENZ;C 43
MERCEDES BENZ;C 63
MERCEDES BENZ;CLA 200
MERCEDES BENZ;CLA 250
MERCEDES BENZ;CLA 45
MERCEDES BENZ;CLC 250
MERCEDES BENZ;CLE 53
MERCEDES BENZ;CLS 350
MERCEDES BENZ;CLS 63
MERCEDES BENZ;E 220d
MERCEDES BENZ;E 250
MERCEDES BENZ;E 300
MERCEDES BENZ;E 350
MERCEDES BENZ;E 400
MERCEDES BENZ;E 450
MERCEDES BENZ;E 500
MERCEDES BENZ;E 53
MERCEDES BENZ;E 63
MERCEDES BENZ;EQA
MERCEDES BENZ;G 500
MERCEDES BENZ;G 63
MERCEDES BENZ;GL 500
MERCEDES BENZ;GLA 200
MERCEDES BENZ;GLA 250
MERCEDES BENZ;GLA 45
MERCEDES BENZ;GLB 200
MERCEDES BENZ;GLB 250
MERCEDES BENZ;GLC 200
MERCEDES BENZ;GLC 300
MERCEDES BENZ;GLC 350e
MERCEDES BENZ;GLC 43
MERCEDES BENZ;GLC 63
MERCEDES BENZ;GLE 400
MERCEDES BENZ;GLE 450
MERCEDES BENZ;GLE 500
MERCEDES BENZ;GLE 53
MERCEDES BENZ;GLE 63 S
MERCEDES BENZ;GLK 300
MERCEDES BENZ;GLS 500
MERCEDES BENZ;MERCEDES-AMG GT 4
MERCEDES BENZ;MERCEDES-AMG GT c
MERCEDES BENZ;MERCEDES-AMG GT R
MERCEDES BENZ;MERCEDES-AMG GT s
MERCEDES BENZ;ML
MERCEDES BENZ;S 500
MERCEDES BENZ;SL 500
MERCEDES BENZ;SL 63
MERCEDES BENZ;SL 65
MERCEDES BENZ;SLC 43
MERCEDES BENZ;SLK
MERCEDES BENZ;SLS
MERCEDES BENZ;SPRINTER
MERCEDES BENZ;VIANO
MERCEDES BENZ;VITO 111
MERCEDES BENZ;VITO 114
MERCEDES BENZ;VITO 119
MERCEDES BENZ;VITO 121
MINI COOPER;CLUBMAN
MINI COOPER;COUNTRYMAN
MINI COOPER;MINI COOPER
MINI COOPER;PACEMAN
MITSUBISHI;L 200 PICK - UP
MITSUBISHI;LANCER
MITSUBISHI;MONTERO
MITSUBISHI;OUTLANDER
NISSAN;ALTIMA
NISSAN;COUPE
NISSAN;FRONTIER PICK - UP
NISSAN;KICKS
NISSAN;KICKS PLAY
NISSAN;LEAF
NISSAN;MARCH
NISSAN;MURANO
NISSAN;NOTE
NISSAN;NP 300 PICK UP
NISSAN;NP 300 PICK UP FRONTIER
NISSAN;SENTRA
NISSAN;TEANA
NISSAN;TIIDA
NISSAN;VERSA
NISSAN;XTRAIL
PEUGEOT;206
PEUGEOT;207
PEUGEOT;208
PEUGEOT;301
PEUGEOT;307
PEUGEOT;308
PEUGEOT;407
PEUGEOT;408
PEUGEOT;508
PEUGEOT;807
PEUGEOT;2008
PEUGEOT;3008
PEUGEOT;4008
PEUGEOT;5008
PEUGEOT;BOXER
PEUGEOT;EXPERT
PEUGEOT;HOGGAR PICK UP
PEUGEOT;PARTNER
PEUGEOT;RCZ
PEUGEOT;TRAVELLER
PORSCHE;911
PORSCHE;911 (992)
PORSCHE;911 TURBO PDK
PORSCHE;BOXSTER 718
PORSCHE;CAYENNE
PORSCHE;CAYENNE COUPE
PORSCHE;CAYMAN 718
PORSCHE;MACAN
PORSCHE;PANAMERA
PORSCHE;SPYDER 718
PORSCHE;TAYCAN (ELECTRICO)
RAM;1500 PICK - UP
RAM;2500 PICK - UP
RAM;RAMPAGE PICK -UP
RENAULT;ALASKAN PICK - UP
RENAULT;ARKANA E-TECH
RENAULT;CAPTUR
RENAULT;CLIO
RENAULT;CLIO MIO
RENAULT;CLIO WORK
RENAULT;DUSTER
RENAULT;DUSTER OROCH PICK - UP
RENAULT;FLUENCE
RENAULT;KANGOO
RENAULT;KANGOO II EXPRESS
RENAULT;KANGOO II VERSION PASAJEROS
RENAULT;KARDIAN
RENAULT;KOLEOS
RENAULT;KWID
RENAULT;KWID E-TECH
RENAULT;LATITUDE
RENAULT;LOGAN
RENAULT;MASTER
RENAULT;MEGANE E-TECH
RENAULT;MEGANE II
RENAULT;MEGANE III
RENAULT;SANDERO
RENAULT;SANDERO STEPWAY
RENAULT;SCENIC
RENAULT;SYMBOL
SEAT;ALTEA
SEAT;IBIZA
SEAT;LEON
SHINERAY;SWM G01
SHINERAY;T 30
SHINERAY;T 32
SHINERAY;X 30
SHINERAY;X7
SMART;FORFOUR
SMART;FORTWO
SOUEAST;DX 3
SSANGYONG;ACTYON
SSANGYONG;KORANDO
SSANGYONG;KYRON
SSANGYONG;STAVIC
SUBARU;CROSSTREK
SUBARU;FORESTER
SUBARU;FORESTER ALL NEW
SUBARU;IMPREZA
SUBARU;LEGACY
SUBARU;OUTBACK
SUBARU;TRIBECA
SUBARU;WRX
SUBARU;XV
SUZUKI;BALENO
SUZUKI;FUN
SUZUKI;GRAND VITARA
SUZUKI;JIMMY
SUZUKI;SWIFT
SUZUKI;VITARA
TOYOTA;86
TOYOTA;CAMRY
TOYOTA;C-HR
TOYOTA;COROLLA
TOYOTA;COROLLA CROSS
TOYOTA;CROWN
TOYOTA;ETIOS
TOYOTA;ETIOS CROSS
TOYOTA;HIACE
TOYOTA;HILUX PICK - UP
TOYOTA;HILUX PICK - UP COVER
TOYOTA;HILUX SW4
TOYOTA;INNOVA
TOYOTA;LAND CRUISER
TOYOTA;PRIUS
TOYOTA;RAV - 4
TOYOTA;YARIS
VOLKSWAGEN;AMAROK PICK - UP
VOLKSWAGEN;BORA
VOLKSWAGEN;CROSSFOX
VOLKSWAGEN;FOX
VOLKSWAGEN;GOL
VOLKSWAGEN;GOL COUNTRY
VOLKSWAGEN;GOL TREND
VOLKSWAGEN;GOLF
VOLKSWAGEN;GOLF VARIANT
VOLKSWAGEN;NEW BEETLE
VOLKSWAGEN;NIVUS
VOLKSWAGEN;PASSAT
VOLKSWAGEN;PASSAT CC
VOLKSWAGEN;PASSAT VARIANT
VOLKSWAGEN;POLO
VOLKSWAGEN;SAVEIRO PICK - UP
VOLKSWAGEN;SAVEIRO PICK - UP CROSS
VOLKSWAGEN;SCIROCCO
VOLKSWAGEN;SHARAN
VOLKSWAGEN;SURAN
VOLKSWAGEN;SURAN CROSS
VOLKSWAGEN;TAOS
VOLKSWAGEN;T-CROSS
VOLKSWAGEN;THE BEETLE
VOLKSWAGEN;TIGUAN
VOLKSWAGEN;TIGUAN ALLSPACE
VOLKSWAGEN;TOUAREG
VOLKSWAGEN;TRANSPORTER
VOLKSWAGEN;UP!
VOLKSWAGEN;VENTO
VOLKSWAGEN;VENTO VARIANT
VOLKSWAGEN;VIRTUS
VOLKSWAGEN;VOYAGE
VOLVO;C 30
VOLVO;S 40
VOLVO;S 60
VOLVO;S 90
VOLVO;V 40
VOLVO;V 50
VOLVO;V 60
VOLVO;XC40
VOLVO;XC60
VOLVO;XC70
VOLVO;XC90
ZANELLA;FORCE TRUCK
ZANELLA;Z TRUCK
;
;
;
;
;
;
;
;
;
;
;
;
;
;
;
;
;
;
;
;
;
;
;
;
;
;
;
;
;
;
;
;
;
;
;
;
;
;
;
;
;
;
;
;
;
;
;
;
;
;
;
;
;
;
;
;
;
;
;
;
;
;
;
;
;
;
;
;
;
;
;
;
;
;
;
;
;
;
;
;
;
;
;
;
;
;
;
;
;
;
;
;
;
;
;
;
;
;
;
;
;
;
;
;
;
;
;
;
;
;
;
;
;
;
;
;
;
;
;
;
;
;
;
;
;
;
;
;
;
;
;
;
;
;
;
;
;
;
;
;
;
;
;
;
;
;
;
;
;
;
;
;
;
;
;
;
;
;
;
;
;
;
;
;
;
;
;
;
;
;
;
;
;
;
;
;
;
;
;
;
;
;
;
;
;
;
;
;
;
;
;
;
;
;
;
;
;
;
;
;
;
;
;
;
;
;
;
;
;
;
;
;
;
;
;
;
;
;
;
;
;
;
;
;
;
;
;
;
;
;
;
;
;
;
;
;
;
;
;
;
;
;
;
;
;
;
;
;
;
;
;
;
;
;
;
;
;
;
;
;
;
;
;
;
;
;
;
;
;
;
;
;
;
;
;
;
;
;
;
;
;
;
;
;
;
;
;
;
;
;
;
;
;
;
;
;
;
;
;
;
;
;
;
;
;
;
;
;
;
;
;
;
;
;
;
;
;
;
;
;
;
;
;
;
;
;
;
;
;
;
;
;
;
;
;
;
;
;
;
;
;
;
;
;
;
;
;
;
;
;
;
;
;
;
;
;
;
;
;
;
;
;
;
;
;
;
;
;
;
;
;
;
;
;
;
;
;
;
;
;
;
;
;
;
;
;
;
;
;
;
;
;
;
;
;
;
;
;
;
;
;
;
;
;
;
;
;
;
;
;
;
;
;
;
;
;
;
;
;
;
;
;
;
;
;
;
;
;
;
;
;
;
;
;
;
;
;
;
;
;
;
;
;
;
;
;
;
;
;
;
;
;
;
;
;
;
;
;
;
;
;
;
;
;
;
;
;
;
;
;
;
;
;
;
;
;
;
;
;
;
;
;
;
;
;
;
;
;
;
;
;
;
;
;
;
;
;
;
;
;
;
;
;
;
;
;
;
;
;
;
;
;
;
;
;
;
;
;
;
;
;
;
;
;
;
;
;
;
;
;
;
;
;
;
;
;
;
;
;
;
;
;
;
;
;
;
;
;
;
;
;
;
;
;
;
;
;
;
;
;
;
;
;
;
;
;
;
;
;
;
;
;
;
;
;
;
;
;
;
;
;
;
;
;
;
;
;
;
;
;
;
;
;
;
;
;
;
;
;
;
;
;
;
;
;
;
;
;
;
;
;
;
;
;
;
;
;
;
;
;
;
;
;
;
;
;
;
;
;
;
;
;
;
;
;
;
;
;
;
;
;
;
;
;
;
;
;
;
;
;
;
;
;
;
;
;
;
;
;
;
;
;
;
;
;
;
;
;
;
;
;
;
;
;
;
;
;
;
;
;
;
;
;
;
;
;
;
;
;
;
;
;
;
;
;
;
;
;
;
;
;
;
;
;
;
;
;
;
;
;
;
;
;
;
;
;
;
;
;
;
;
;
;
;
;
;
;
;
;
;
;
;
;
;
;
;
;
;
;
;
;
;
;
;
;
;
;
;
;
;
;
;
;
;
;
;
;
;
;
;
;
;
;
;
;
;
;
;
;
;
;
;
;
;
;
;
;
;
;
;
;
;
;
;
;
;
;
;
;
;
;
;
;
;
;
;
;
;
;
;
;
;
;
;
;
;
;
;
;
;
;
;
;
;
;
;
;
;
;
;
;
;
;
;
;
;
;
;
;
;
;
;
;
;
;
;
;
;
;
;
;
;
;
;
;
;
;
;
;
;
;
;
;
;
;
;
;
;
;
;
;
;
;
;
;
;
;
;
;
;
;
;
;
;
;
;
;
;
;
;
;
;
;
;
;
;
;
;
;
;
;
;
;
;
;
;
;
;
;
;
;
;
;
;
;
;
;
;
;
;
;
;
;
;
;
;
;
;
;
;
;
;
;
;
;
;
;
;
;
;
;
;
;
;
;
;
;
;
;
;
;
;
;
;
;
;
;
;
;
;
;
;
;
;
;
;
;
;
;
;
;
;
;
;
;
;
;
;
;
;
;
;
;
;
;
;
;
;
;
;
;
;
;
;
;
;
;
;
;
;
;
;
;
;
;
;
;
;
;
;
;
;
;
;
;
;
;
;
;
;
;
;
;
;
;
;
;
;
;
;
;
;
;
;
;
;
;
;
;
;
;
;
;
;
;
;
;
;
;
;
;
;
;
;
;
;
;
;
;
;
;
;
;
;
;
;
;
;
;
;
;
;
;
;
;
;
;
;
;
;
;
;
;
;
;
;
;
;
;
;
;
;
;
;
;
;
;
;
;
;
;
;
;
;
;
;
;
;
;
;
;
;
;
;
;
;
;
;
;
;
;
;
;
;
;
;
;
;
;
;
;
;
;
;
;
;
;
;
;
;
;
;
;
;
;
;
;
;
;
;
;
;
;
;
;
;
;
;
;
;
;
;
;
;
;
;
;
;
;
;
;
;
;
;
;
;
;
;
;
;
;
;
;
;
;
;
;
;
;
;
;
;
;
;
;
;
;
;
;
;
;
;
;
;
;
;
;
;
;
;
;
;
;
;
;
;
;
;
;
;
;
;
;
;
;
;
;
;
;
;
;
;
;
;
;
;
;
;
;
;
;
;
;
;
;
;
;
;
;
;
;
;
;
;
;
;
;
;
;
;
;
;
;
;
;
;
;
;
;
;
;
;
;
;
;
;
;
;
;
;
;
;
;
;
;
;
;
;
;
;
;
;
;
;
;
;
;
;
;
;
;
;
;
;
;
;
;
;
;
;
;
;
;
;
;
;
;
;
;
;
;
;
;
;
;
;
;
;
;
;
;
;
;
;
;
;
;
;
;
;
;
;
;
;
;
;
;
;
;
;
;
;
;
;
;
;
;
;
;
;
;
;
;
;
;
;
;
;
;
;
;
;
;
;
;
;
;
;
;
;
;
;
;
;
;
;
;
;
;
;
;
;
;
;
;
;
;
;
;
;
;
;
;
;
;
;
;
;
;
;
;
;
;
;
;
;
;
;
;
;
;
;
;
;
;
;
;
;
;
;
;
;
;
;
;
;
;
;
;
;
;
;
;
;
;
;
;
;
;
;
;
;
;
;
;
;
;
;
;
;
;
;
;
;
;
;
;
;
;
;
;
;
;
;
;
;
;
;
;
;
;
;
;
;
;
;
;
;
;
;
;
;
;
;
;
;
;
;
;
;
;
;
;
;
;
;
;
;
;
;
;
;
;
;
;
;
;
;
;
;
;
;
;
;
;
;
;
;
;
;
;
;
;
;
;
;
;
;
;
;
;
;
;
;
;
;
;
;
;
;
;
;
;
;
;
;
;
;
;
;
;
;
;
;
;
;
;
;
;
;
;
;
;
;
;
;
;
;
;
;
;
;
;
;
;
;
;
;
;
;
;
;
;
;
;
;
;
;
;
;
;
;
;
;
;
;
;
;
;
;
;
;
;
;
;
;
;
;
;
;
;
;
;
;
;
;
;
;
;
;
;
;
;
;
;
;
;
;
;
;
;
;
;
;
;
;
;
;
;
;
;
;
;
;
;
;
;
;
;
;
;
;
;
;
;
;
;
;
;
;
;
;
;
;
;
;
;
;
;
;
;
;
;
;
;
;
;
;
;
;
;
;
;
;
;
;
;
;
;
;
;
;
;
;
;
;
;
;
;
;
;
;
;
;
;
;
;
;
;
;
;
;
;
;
;
;
;
;
;
;
;
;
;
;
;
;
;
;
;
;
;
;
;
;
;
;
;
;
;
;
;
;
;
;
;
;
;
;
;
;
;
;
;
;
;
;
;
;
;
;
;
;
;
;
;
;
;
;
;
;
;
;
;
;
;
;
;
;
;
;
;
;
;
;
;
;
;
;
;
;
;
;
;
;
;
;
;
;
;
;
;
;
;
;
;
;
;
;
;
;
;
;
;
;
;
;
;
;
;
;
;
;
;
;
;
;
;
;
;
;
;
;
;
;
;
;
;
;
;
;
;
;
;
;
;
;
;
;
;
;
;
;
;
;
;
;
;
;
;
;
;
;
;
;
;
;
;
;
;
;
;
;
;
;
;
;
;
;
;
;
;
;
;
;
;
;
;
;
;
;
;
;
;
;
;
;
;
;
;
;
;
;
;
;
;
;
;
;
;
;
;
;
;
;
;
;
;
;
;
;
;
;
;
;
;
;
;
;
;
;
;
;
;
;
;
;
;
;
;
;
;
;
;
;
;
;
;
;
;
;
;
;
;
;
;
;
;
;
;
;
;
;
;
;
;
;
;
;
;
;
;
;
;
;
;
;
;
;
;
;
;
;
;
;
;
;
;
;
;
;
;
;
;
;
;
;
;
;
;
;
;
;
;
;
;
;
;
;
;
;
;
;
;
;
;
;
;
;
;
;
;
;
;
;
;
;
;
;
;
;
;
;
;
;
;
;
;
;
;
;
;
;
;
;
;
;
;
;
;
;
;
;
;
;
;
;
;
;
;
;
;
;
;
;
;
;
;
;
;
;
;
;
;
;
;
;
;
;
;
;
;
;
;
;
;
;
;
;
;
;
;
;
;
;
;
;
;
;
;
;
;
;
;
;
;
;
;
;
;
;
;
;
;
;
;
;
;
;
;
;
;
;
;
;
;
;
;
;
;
;
;
;
;
;
;
;
;
;
;
;
;
;
;
;
;
;
;
;
;
;
;
;
;
;
;
;
;
;
;
;
;
;
;
;
;
;
;
;
;
;
;
;
;
;
;
;
;
;
;
;
;
;
;
;
;
;
;
;
;
;
;
;
;
;
;
;
;
;
;
;
;
;
;
;
;
;
;
;
;
;
;
;
;
;
;
;
;
;
;
;
;
;
;
;
;
;
;
;
;
;
;
;
;
;
;
;
;
;
;
;
;
;
;
;
;
;
;
;
;
;
;
;
;
;
;
;
;
;
;
;
;
;
;
;
;
;
;
;
;
;
;
;
;
;
;
;
;
;
;
;
;
;
;
;
;
;
;
;
;
;
;
;
;
;
;
;
;
;
;
;
;
;
;
;
;
;
;
;
;
;
;
;
;
;
;
;
;
;
;
;
;
;
;
;
;
;
;
;
;
;
;
;
;
;
;
;
;
;
;
;
;
;
;
;
;
;
;
;
;
;
;
;
;
;
;
;
;
;
;
;
;
;
;
;
;
;
;
;
;
;
;
;
;
;
;
;
;
;
;
;
;
;
;
;
;
;
;
;
;
;
;
;
;
;
;
;
;
;
;
;
;
;
;
;
;
;
;
;
;
;
;
;
;
;
;
;
;
;
;
;
;
;
;
;
;
;
;
;
;
;
;
;
;
;
;
;
;
;
;
;
;
;
;
;
;
;
;
;
;
;
;
;
;
;
;
;
;
;
;
;
;
;
;
;
;
;
;
;
;
;
;
;
;
;
;
;
;
;
;
;
;
;
;
;
;
;
;
;
;
;
;
;
;
;
;
;
;
;
;
;
;
;
;
;
;
;
;
;
;
;
;
;
;
;
;
;
;
;
;
;
;
;
;
;
;
;
;
;
;
;
;
;
;
;
;
;
;
;
;
;
;
;
;
;
;
;
;
;
;
;
;
;
;
;
;
;
;
;
;
;
;
;
;
;
;
;
;
;
;
;
;
;
;
;
;
;
;
;
;
;
;
;
;
;
;
;
;
;
;
;
;
;
;
;
;
;
;
;
;
;
;
;
;
;
;
;
;
;
;
;
;
;
;
;
;
;
;
;
;
;
;
;
;
;
;
;
;
;
;
;
;
;
;
;
;
;
;
;
;
;
;
;
;
;
;
;
;
;
;
;
;
;
;
;
;
;
;
;
;
;
;
;
;
;
;
;
;
;
;
;
;
;
;
;
;
;
;
;
;
;
;
;
;
;
;
;
;
;
;
;
;
;
;
;
;
;
;
;
;
;
;
;
;
;
;
;
;
;
;
;
;
;
;
;
;
;
;
;
;
;
;
;
;
;
;
;
;
;
;
;
;
;
;
;
;
;
;
;
;
;
;
;
;
;
;
;
;
;
;
;
;
;
;
;
;
;
;
;
;
;
;
;
;
;
;
;
;
;
;
;
;
;
;
;
;
;
;
;
;
;
;
;
;
;
;
;
;
;
;
;
;
;
;
;
;
;
;
;
;
;
;
;
;
;
;
;
;
;
;
;
;
;
;
;
;
;
;
;
;
;
;
;
;
;
;
;
;
;
;
;
;
;
;
;
;
;
;
;
;
;
;
;
;
;
;
;
;
;
;
;
;
;
;
;
;
;
;
;
;
;
;
;
;
;
;
;
;
;
;
;
;
;
;
;
;
;
;
;
;
;
;
;
;
;
;
;
;
;
;
;
;
;
;
;
;
;
;
;
;
;
;
;
;
;
;
;
;
;
;
;
;
;
;
;
;
;
;
;
;
;
;
;
;
;
;
;
;
;
;
;
;
;
;
;
;
;
;
;
;
;
;
;
;
;
;
;
;
;
;
;
;
;
;
;
;
;
;
;
;
;
;
;
;
;
;
;
;
;
;
;
;
;
;
;
;
;
;
;
;
;
;
;
;
;
;
;
;
;
;
;
;
;
;
;
;
;
;
;
;
;
;
;
;
;
;
;
;
;
;
;
;
;
;
;
;
;
;
;
;
;
;
;
;
;
;
;
;
;
;
;
;
;
;
;
;
;
;
;
;
;
;
;
;
;
;
;
;
;
;
;
;
;
;
;
;
;
;
;
;
;
;
;
;
;
;
;
;
;
;
;
;
;
;
;
;
;
;
;
;
;
;
;
;
;
;
;
;
;
;
;
;
;
;
;
;
;
;
;
;
;
;
;
;
;
;
;
;
;
;
;
;
;
;
;
;
;
;
;
;
;
;
;
;
;
;
;
;
;
;
;
;
;
;
;
;
;
;
;
;
;
;
;
;
;
;
;
;
;
;
;
;
;
;
;
;
;
;
;
;
;
;
;
;
;
;
;
;
;
;
;
;
;
;
;
;
;
;
;
;
;
;
;
;
;
;
;
;
;
;
;
;
;
;
;
;
;
;
;
;
;
;
;
;
;
;
;
;
;
;
;
;
;
;
;
;
;
;
;
;
;
;
;
;
;
;
;
;
;
;
;
;
;
;
;
;
;
;
;
;
;
;
;
;
;
;
;
;
;
;
;
;
;
;
;
;
;
;
;
;
;
;
;
;
;
;
;
;
;
;
;
;
;
;
;
;
;
;
;
;
;
;
;
;
;
;
;
;
;
;
;
;
;
;
;
;
;
;
;
;
;
;
;
;
;
;
;
;
;
;
;
;
;
;
;
;
;
;
;
;
;
;
;
;
;
;
;
;
;
;
;
;
;
;
;
;
;
;
;
;
;
;
;
;
;
;
;
;
;
;
;
;
;
;
;
;
;
;
;
;
;
;
;
;
;
;
;
;
;
;
;
;
;
;
;
;
;
;
;
;
;
;
;
;
;
;
;
;
;
;
;
;
;
;
;
;
;
;
;
;
;
;
;
;
;
;
;
;
;
;
;
;
;
;
;
;
;
;
;
;
;
;
;
;
;
;
;
;
;
;
;
;
;
;
;
;
;
;
;
;
;
;
;
;
;
;
;
;
;
;
;
;
;
;
;
;
;
;
;
;
;
;
;
;
;
;
;
;
;
;
;
;
;
;
;
;
;
;
;
;
;
;
;
;
;
;
;
;
;
;
;
;
;
;
;
;
;
;
;
;
;
;
;
;
;
;
;
;
;
;
;
;
;
;
;
;
;
;
;
;
;
;
;
;
;
;
;
;
;
;
;
;
;
;
;
;
;
;
;
;
;
;
;
;
;
;
;
;
;
;
;
;
;
;
;
;
;
;
;
;
;
;
;
;
;
;
;
;
;
;
;
;
;
;
;
;
;
;
;
;
;
;
;
;
;
;
;
;
;
;
;
;
;
;
;
;
;
;
;
;
;
;
;
;
;
;
;
;
;
;
;
;
;
;
;
;
;
;
;
;
;
;
;
;
;
;
;
;
;
;
;
;
;
;
;
;
;
;
;
;
;
;
;
;
;
;
;
;
;
;
;
;
;
;
;
;
;
;
;
;
;
;
;
;
;
;
;
;
;
;
;
;
;
;
;
;
;
;
;
;
;
;
;
;
;
;
;
;
;
;
;
;
;
;
;
;
;
;
;
;
;
;
;
;
;
;
;
;
;
;
;
;
;
;
;
;
;
;
;
;
;
;
;
;
;
;
;
;
;
;
;
;
;
;
;
;
;
;
;
;
;
;
;
;
;
;
;
;
;
;
;
;
;
;
;
;
;
;
;
;
;
;
;
;
;
;
;
;
;
;
;
;
;
;
;
;
;
;
;
;
;
;
;
;
;
;
;
;
;
;
;
;
;
;
;
;
;
;
;
;
;
;
;
;
;
;
;
;
;
;
;
;
;
;
;
;
;
;
;
;
;
;
;
;
;
;
;
;
;
;
;
;
;
;
;
;
;
;
;
;
;
;
;
;
;
;
;
;
;
;
;
;
;
;
;
;
;
;
;
;
;
;
;
;
;
;
;
;
;
;
;
;
;
;
;
;
;
;
;
;
;
;
;
;
;
;
;
;
;
;
;
;
;
;
;
;
;
;
;
;
;
;
;
;
;
;
;
;
;
;
;
;
;
;
;
;
;
;
;
;
;
;
;
;
;
;
;
;
;
;
;
;
;
;
;
;
;
;
;
;
;
;
;
;
;
;
;
;
;
;
;
;
;
;
;
;
;
;
;
;
;
;
;
;
;
;
;
;
;
;
;
;
;
;
;
;
;
;
;
;
;
;
;
;
;
;
;
;
;
;
;
;
;
;
;
;
;
;
;
;
;
;
;
;
;
;
;
;
;
;
;
;
;
;
;
;
;
;
;
;
;
;
;
;
;
;
;
;
;
;
;
;
;
;
;
;
;
;
;
;
;
;
;
;
;
;
;
;
;
;
;
;
;
;
;
;
;
;
;
;
;
;
;
;
;
;
;
;
;
;
;
;
;
;
;
;
;
;
;
;
;
;
;
;
;
;
;
;
;
;
;
;
;
;
;
;
;
;
;
;
;
;
;
;
;
;
;
;
;
;
;
;
;
;
;
;
;
;
;
;
;
;
;
;
;
;
;
;
;
;
;
;
;
;
;
;
;
;
;
;
;
;
;
;
;
;
;
;
;
;
;
;
;
;
;
;
;
;
;
;
;
;
;
;
;
;
;
;
;
;
;
;
;
;
;
;
;
;
;
;
;
;
;
;
;
;
;
;
;
;
;
;
;
;
;
;
;
;
;
;
;
;
;
;
;
;
;
;
;
;
;
;
;
;
;
;
;
;
;
;
;
;
;
;
;
;
;
;
;
;
;
;
;
;
;
;
;
;
;
;
;
;
;
;
;
;
;
;
;
;
;
;
;
;
;
;
;
;
;
;
;
;
;
;
;
;
;
;
;
;
;
;
;
;
;
;
;
;
;
;
;
;
;
;
;
;
;
;
;
;
;
;
;
;
;
;
;
;
;
;
;
;
;
;
;
;
;
;
;
;
;
;
;
;
;
;
;
;
;
;
;
;
;
;
;
;
;
;
;
;
;
;
;
;
;
;
;
;
;
;
;
;
;
;
;
;
;
;
;
;
;
;
;
;
;
;
;
;
;
;
;
;
;
;
;
;
;
;
;
;
;
;
;
;
;
;
;
;
;
;
;
;
;
;
;
;
;
;
;
;
;
;
;
;
;
;
;
;
;
;
;
;
;
;
;
;
;
;
;
;
;
;
;
;
;
;
;
;
;
;
;
;
;
;
;
;
;
;
;
;
;
;
;
;
;
;
;
;
;
;
;
;
;
;
;
;
;
;
;
;
;
;
;
;
;
;
;
;
;
;
;
;
;
;
;
;
;
;
;
;
;
;
;
;
;
;
;
;
;
;
;
;
;
;
;
;
;
;
;
;
;
;
;
;
;
;
;
;
;
;
;
;
;
;
;
;
;
;
;
;
;
;
;
;
;
;
;
;
;
;
;
;
;
;
;
;
;
;
;
;
;
;
;
;
;
;
;
;
;
;
;
;
;
;
;
;
;
;
;
;
;
;
;
;
;
;
;
;
;
;
;
;
;
;
;
;
;
;
;
;
;
;
;
;
;
;
;
;
;
;
;
;
;
;
;
;
;
;
;
;
;
;
;
;
;
;
;
;
;
;
;
;
;
;
;
;
;
;
;
;
;
;
;
;
;
;
;
;
;
;
;
;
;
;
;
;
;
;
;
;
;
;
;
;
;
;
;
;
;
;
;
;
;
;
;
;
;
;
;
;
;
;
;
;
;
;
;
;
;
;
;
;
;
;
;
;
;
;
;
;
;
;
;
;
;
;
;
;
;
;
;
;
;
;
;
;
;
;
;
;
;
;
;
;
;
;
;
;
;
;
;
;
;
;
;
;
;
;
;
;
;
;
;
;
;
;
;
;
;
;
;
;
;
;
;
;
;
;
;
;
;
;
;
;
;
;
;
;
;
;
;
;
;
;
;
;
;
;
;
;
;
;
;
;
;
;
;
;
;
;
;
;
;
;
;
;
;
;
;
;
;
;
;
;
;
;
;
;
;
;
;
;
;
;
;
;
;
;
;
;
;
;
;
;
;
;
;
;
;
;
;
;
;
;
;
;
;
;
;
;
;
;
;
;
;
;
;
;
;
;
;
;
;
;
;
;
;
;
;
;
;
;
;
;
;
;
;
;
;
;
;
;
;
;
;
;
;
;
;
;
;
;
;
;
;
;
;
;
;
;
;
;
;
;
;
;
;
;
;
;
;
;
;
;
;
;
;
;
;
;
;
;
;
;
;
;
;
;
;
;
;
;
;
;
;
;
;
;
;
;
;
;
;
;
;
;
;
;
;
;
;
;
;
;
;
;
;
;
;
;
;
;
;
;
;
;
;
;
;
;
;
;
;
;
;
;
;
;
;
;
;
;
;
;
;
;
;
;
;
;
;
;
;
;
;
;
;
;
;
;
;
;
;
;
;
;
;
;
;
;
;
;
;
;
;
;
;
;
;
;
;
;
;
;
;
;
;
;
;
;
;
;
;
;
;
;
;
;
;
;
;
;
;
;
;
;
;
;
;
;
;
;
;
;
;
;
;
;
;
;
;
;
;
;
;
;
;
;
;
;
;
;
;
;
;
;
;
;
;
;
;
;
;
;
;
;
;
;
;
;
;
;
;
;
;
;
;
;
;
;
;
;
;
;
;
;
;
;
;
;
;
;
;
;
;
;
;
;
;
;
;
;
;
;
;
;
;
;
;
;
;
;
;
;
;
;
;
;
;
;
;
;
;
;
;
;
;
;
;
;
;
;
;
;
;
;
;
;
;
;
;
;
;
;
;
;
;
;
;
;
;
;
;
;
;
;
;
;
;
;
;
;
;
;
;
;
;
;
;
;
;
;
;
;
;
;
;
;
;
;
;
;
;
;
;
;
;
;
;
;
;
;
;
;
;
;
;
;
;
;
;
;
;
;
;
;
;
;
;
;
;
;
;
;
;
;
;
;
;
;
;
;
;
;
;
;
;
;
;
;
;
;
;
;
;
;
;
;
;
;
;
;
;
;
;
;
;
;
;
;
;
;
;
;
;
;
;
;
;
;
;
;
;
;
;
;
;
;
;
;
;
;
;
;
;
;
;
;
;
;
;
;
;
;
;
;
;
;
;
;
;
;
;
;
;
;
;
;
;
;
;
;
;
;
;
;
;
;
